{"accuracy": 0.8829787234042553, "precision": 0.8938053097345132, "recall": 0.4353448275862069, "f1_score": 0.5855072463768116}